source,domain,accuracy,loss
WAL,100,0.7970859985785359,2.9939542245362376
