source,domain,accuracy,loss
WAL,100,0.8073916133617626,0.7055173757379859
