step,domain,accuracy,f1,loss
5,15,0.26136363636363635,0.10831285831285832,5.075996081034343
