source,domain,accuracy,loss
WAL,100,0.828002842928216,0.6170123530708648
