source,domain,accuracy,loss
WAL,100,0.8208955223880597,1.4932169455544662
